court_type,dispute_subject,plaintiff_type,pre_trial_settlement,expertise_appointed,claim_amount_rub,procedural_duration_days,judge_experience_years,satisfaction_rate
2,construction,legal_entity,False,1.0,3335629.71,187,3.0,fully_satisfied
2,supply,sole_proprietor,True,0.0,609000.0,79,,fully_satisfied
3,construction,legal_entity,True,1.0,2885976.05,160,2.0,fully_satisfied
2,construction,sole_proprietor,False,1.0,1824000.43,181,3.0,partially_satisfied
1,supply,individual,True,1.0,4541139.6,185,2.0,partially_satisfied
3,supply,legal_entity,True,1.0,2556146.81,123,2.0,fully_satisfied
2,services,sole_proprietor,True,0.0,882893.0,66,1.0,partially_satisfied
2,supply,individual,True,1.0,,176,2.0,partially_satisfied
1,services,individual,True,0.0,2023603.49,124,2.0,partially_satisfied
2,supply,sole_proprietor,False,1.0,,129,2.0,fully_satisfied
1,supply,individual,True,1.0,4060000.0,134,3.0,partially_satisfied
3,supply,individual,False,1.0,4009000.42,155,1.0,fully_rejected
2,supply,individual,False,1.0,574735.16,139,2.0,partially_satisfied
3,services,sole_proprietor,False,1.0,499371.54,119,,fully_rejected
2,supply,sole_proprietor,True,1.0,3805000.76,190,2.0,fully_satisfied
1,construction,sole_proprietor,False,0.0,1870000.0,99,1.0,fully_rejected
2,supply,individual,False,1.0,3527744.96,176,1.0,partially_satisfied
1,services,individual,True,1.0,3646405.0,157,2.0,partially_satisfied
3,construction,sole_proprietor,True,0.0,4378968.0,86,2.0,fully_rejected
2,supply,individual,True,1.0,3070680.0,176,3.0,partially_satisfied
2,services,sole_proprietor,True,1.0,4086774.48,175,2.0,partially_satisfied
1,services,individual,False,0.0,965000.0,79,3.0,fully_satisfied
3,services,individual,True,0.0,300000.0,74,2.0,partially_satisfied
3,supply,individual,True,0.0,663866.42,78,3.0,partially_satisfied
2,supply,sole_proprietor,True,1.0,551000.01,119,1.0,partially_satisfied
1,supply,individual,True,1.0,773945.4,146,,fully_rejected
2,services,legal_entity,True,0.0,2821487.0,114,2.0,fully_rejected
1,supply,individual,False,0.0,904345.56,71,2.0,fully_satisfied
1,services,sole_proprietor,False,1.0,3928761.13,156,1.0,fully_rejected
2,supply,sole_proprietor,True,0.0,459459.0,76,1.0,fully_rejected
2,supply,individual,False,1.0,4539000.0,197,2.0,fully_satisfied
3,services,sole_proprietor,True,1.0,631811.8,122,2.0,fully_satisfied
1,,individual,True,1.0,3499000.0,162,3.0,partially_satisfied
1,services,sole_proprietor,True,1.0,2931588.57,137,2.0,partially_satisfied
2,supply,individual,False,0.0,2501657.18,82,3.0,fully_satisfied
1,supply,legal_entity,True,1.0,3652024.6,191,2.0,fully_rejected
1,supply,legal_entity,True,1.0,2505000.49,168,3.0,partially_satisfied
2,supply,individual,True,1.0,2106241.98,146,1.0,fully_satisfied
1,supply,sole_proprietor,True,1.0,4192000.6,146,3.0,fully_satisfied
2,construction,legal_entity,True,1.0,4061000.84,170,3.0,fully_satisfied
2,construction,individual,True,1.0,3024000.0,173,3.0,partially_satisfied
3,supply,legal_entity,False,1.0,4808102.0,142,2.0,fully_satisfied
2,supply,sole_proprietor,False,1.0,899000.8,146,2.0,partially_satisfied
1,supply,legal_entity,True,0.0,3061287.7,104,3.0,fully_satisfied
3,construction,legal_entity,True,1.0,688427.16,136,2.0,fully_satisfied
3,supply,individual,False,1.0,3882486.0,145,1.0,fully_rejected
1,construction,sole_proprietor,True,1.0,3072496.82,169,3.0,partially_satisfied
1,services,sole_proprietor,False,1.0,2517393.39,133,2.0,partially_satisfied
2,services,individual,False,0.0,2901517.24,82,2.0,fully_satisfied
1,construction,individual,True,1.0,1515372.03,168,3.0,fully_rejected
1,supply,legal_entity,False,0.0,431431.0,67,2.0,fully_satisfied
1,construction,individual,True,0.0,300000.0,81,2.0,partially_satisfied
2,construction,sole_proprietor,False,0.0,417000.68,73,2.0,partially_satisfied
2,construction,legal_entity,True,1.0,2972170.45,189,3.0,partially_satisfied
2,construction,individual,False,1.0,4422725.59,187,3.0,fully_satisfied
2,supply,sole_proprietor,True,0.0,544000.0,64,1.0,fully_rejected
2,services,legal_entity,True,1.0,378378.48,132,2.0,partially_satisfied
2,construction,sole_proprietor,True,1.0,2208883.51,227,2.0,fully_rejected
1,supply,individual,True,1.0,3710446.89,218,3.0,fully_satisfied
1,services,individual,True,0.0,797185.0,74,3.0,fully_satisfied
2,services,legal_entity,True,1.0,4257492.13,164,3.0,partially_satisfied
2,supply,individual,True,1.0,3873000.0,164,2.0,partially_satisfied
2,construction,sole_proprietor,True,0.0,3855625.77,95,1.0,partially_satisfied
2,supply,individual,False,0.0,2501000.0,94,2.0,partially_satisfied
2,supply,sole_proprietor,True,1.0,2045000.0,140,2.0,fully_satisfied
2,services,legal_entity,True,0.0,365671.36,67,2.0,partially_satisfied
2,supply,sole_proprietor,True,1.0,3083374.96,194,1.0,partially_satisfied
1,supply,legal_entity,True,0.0,748197.16,50,2.0,fully_satisfied
1,construction,individual,False,1.0,4426195.9,195,3.0,partially_satisfied
2,supply,sole_proprietor,True,1.0,2452875.0,178,1.0,fully_rejected
1,services,legal_entity,True,1.0,1407381.34,182,,fully_rejected
2,supply,sole_proprietor,False,1.0,3371615.42,177,3.0,partially_satisfied
3,supply,individual,False,1.0,1998000.0,158,1.0,partially_satisfied
1,services,legal_entity,True,0.0,3395079.12,91,2.0,fully_rejected
1,services,individual,False,1.0,3376479.88,180,2.0,partially_satisfied
1,supply,sole_proprietor,False,0.0,3289000.0,109,,fully_rejected
1,supply,legal_entity,True,0.0,826866.01,56,2.0,fully_satisfied
2,supply,individual,False,1.0,1575524.45,189,2.0,fully_rejected
2,supply,individual,False,0.0,389000.0,100,1.0,partially_satisfied
2,supply,individual,True,0.0,2235000.23,105,1.0,fully_rejected
2,construction,individual,True,0.0,1711502.73,97,1.0,partially_satisfied
2,services,individual,True,0.0,698441.05,78,2.0,fully_rejected
3,services,sole_proprietor,False,0.0,703701.65,42,1.0,partially_satisfied
1,services,individual,False,1.0,,179,3.0,fully_satisfied
1,services,sole_proprietor,False,0.0,951395.24,86,,fully_rejected
1,services,individual,True,0.0,307664.74,84,3.0,fully_satisfied
2,services,individual,True,0.0,4988242.25,128,2.0,
2,,individual,True,1.0,1295720.04,183,2.0,partially_satisfied
1,supply,legal_entity,True,0.0,608291.66,73,3.0,fully_satisfied
2,supply,sole_proprietor,False,0.0,4015827.0,139,,partially_satisfied
1,construction,individual,False,1.0,641000.64,147,3.0,fully_satisfied
2,supply,legal_entity,False,0.0,922000.02,100,2.0,fully_satisfied
2,construction,sole_proprietor,False,1.0,2167668.37,167,3.0,fully_satisfied
1,construction,individual,False,1.0,3589635.0,178,2.0,fully_rejected
1,supply,legal_entity,True,1.0,4107000.0,172,3.0,fully_satisfied
2,supply,individual,True,1.0,334334.28,100,2.0,fully_rejected
1,construction,individual,True,1.0,4292471.37,159,3.0,partially_satisfied
1,services,sole_proprietor,True,1.0,1582788.85,139,2.0,fully_rejected
1,services,individual,True,1.0,1900000.47,160,3.0,partially_satisfied
3,construction,individual,True,1.0,3828798.31,159,2.0,partially_satisfied
3,,legal_entity,False,0.0,341341.42,50,1.0,fully_satisfied
2,supply,individual,True,1.0,4162000.0,182,2.0,fully_rejected
1,services,legal_entity,False,1.0,2141000.99,182,,partially_satisfied
3,services,legal_entity,True,0.0,464104.14,46,1.0,partially_satisfied
2,construction,sole_proprietor,False,1.0,3939000.42,161,3.0,fully_satisfied
2,services,legal_entity,True,1.0,4325904.79,177,2.0,fully_satisfied
2,construction,legal_entity,True,1.0,4316277.88,184,3.0,fully_rejected
1,supply,legal_entity,True,0.0,3946000.3,86,3.0,partially_satisfied
1,services,individual,True,1.0,2473536.25,187,3.0,fully_satisfied
3,,individual,False,1.0,2279000.19,146,2.0,fully_rejected
2,,sole_proprietor,True,0.0,2852000.0,81,2.0,fully_satisfied
1,supply,sole_proprietor,True,1.0,,154,,fully_satisfied
1,supply,individual,False,1.0,1412000.64,171,2.0,fully_satisfied
2,services,sole_proprietor,False,1.0,,156,3.0,partially_satisfied
1,services,individual,True,1.0,1467525.53,186,3.0,fully_satisfied
3,construction,legal_entity,True,0.0,3273668.98,80,1.0,partially_satisfied
2,construction,individual,True,0.0,4195000.0,93,3.0,fully_rejected
2,services,individual,False,1.0,,135,3.0,partially_satisfied
2,construction,individual,True,0.0,3380810.0,97,2.0,fully_rejected
2,services,individual,True,0.0,300000.0,80,3.0,partially_satisfied
2,supply,individual,True,1.0,4790297.99,178,2.0,fully_satisfied
2,construction,individual,True,1.0,1181397.43,189,1.0,fully_satisfied
1,services,individual,True,0.0,516505.46,83,,partially_satisfied
2,construction,individual,True,1.0,2350359.0,226,2.0,partially_satisfied
1,supply,individual,True,0.0,4999809.54,111,3.0,partially_satisfied
2,supply,individual,True,1.0,4909000.84,166,2.0,partially_satisfied
1,supply,individual,True,1.0,998037.74,161,3.0,fully_rejected
1,supply,individual,True,1.0,4164093.0,159,3.0,fully_satisfied
1,supply,individual,False,1.0,1033239.59,209,3.0,
2,services,individual,False,0.0,948000.8,83,1.0,fully_satisfied
1,services,individual,True,0.0,3183728.03,81,2.0,fully_satisfied
3,supply,legal_entity,False,1.0,4340000.21,134,1.0,
2,construction,legal_entity,True,1.0,2379880.25,175,1.0,fully_satisfied
1,,legal_entity,True,0.0,3047000.0,84,1.0,fully_rejected
2,services,sole_proprietor,False,1.0,2008000.0,143,1.0,partially_satisfied
1,,sole_proprietor,False,1.0,4961000.0,163,2.0,partially_satisfied
3,supply,individual,False,0.0,3226827.88,84,2.0,fully_rejected
2,supply,legal_entity,True,1.0,968968.46,168,2.0,fully_rejected
2,construction,legal_entity,True,1.0,1318548.91,138,,partially_satisfied
1,supply,legal_entity,True,1.0,4723516.0,172,3.0,partially_satisfied
2,supply,legal_entity,True,0.0,2989439.88,77,2.0,fully_satisfied
2,services,sole_proprietor,True,1.0,2002051.29,198,3.0,partially_satisfied
3,services,legal_entity,False,0.0,3336181.16,103,2.0,partially_satisfied
2,services,legal_entity,True,1.0,2095539.06,181,1.0,fully_satisfied
2,supply,individual,False,1.0,2527809.78,172,3.0,partially_satisfied
1,supply,legal_entity,True,0.0,4426000.0,112,3.0,partially_satisfied
1,services,individual,False,1.0,1347824.16,171,3.0,fully_satisfied
2,services,legal_entity,True,0.0,355000.0,67,2.0,partially_satisfied
2,supply,legal_entity,False,0.0,3534142.87,109,2.0,fully_rejected
1,services,individual,True,1.0,1719000.91,140,2.0,partially_satisfied
3,construction,sole_proprietor,True,0.0,313313.34,60,2.0,partially_satisfied
3,services,individual,True,1.0,4318000.23,152,2.0,fully_satisfied
1,construction,legal_entity,True,0.0,2746000.65,75,2.0,fully_rejected
2,construction,legal_entity,True,1.0,2366061.21,130,1.0,partially_satisfied
1,supply,sole_proprietor,True,0.0,1404244.85,88,2.0,fully_satisfied
2,construction,legal_entity,True,1.0,2680760.0,167,1.0,fully_satisfied
1,construction,individual,True,0.0,300000.0,56,2.0,fully_rejected
2,construction,individual,True,1.0,1411000.0,205,3.0,partially_satisfied
2,supply,sole_proprietor,False,1.0,1231000.0,170,1.0,fully_satisfied
2,services,individual,True,1.0,2170000.49,153,2.0,partially_satisfied
1,construction,sole_proprietor,False,1.0,2925251.7,164,2.0,fully_rejected
3,supply,individual,False,1.0,2883279.43,153,2.0,fully_rejected
1,services,individual,True,0.0,981000.5,51,3.0,fully_satisfied
1,construction,sole_proprietor,False,1.0,3184000.91,184,3.0,partially_satisfied
2,construction,legal_entity,True,0.0,3671361.85,131,3.0,fully_satisfied
1,services,individual,False,0.0,4685454.81,89,3.0,fully_satisfied
3,services,legal_entity,True,,2237484.02,137,2.0,partially_satisfied
3,supply,sole_proprietor,True,1.0,3540088.67,139,2.0,fully_rejected
1,services,individual,True,0.0,407161.57,79,2.0,partially_satisfied
3,construction,sole_proprietor,False,1.0,2697000.0,155,2.0,fully_satisfied
1,supply,sole_proprietor,False,1.0,2213248.51,216,2.0,fully_rejected
2,services,individual,False,1.0,,145,3.0,partially_satisfied
1,construction,sole_proprietor,False,1.0,3399093.22,205,2.0,fully_rejected
3,services,individual,False,0.0,4326251.0,111,1.0,fully_rejected
1,supply,individual,False,1.0,1368737.32,137,1.0,fully_satisfied
1,services,sole_proprietor,True,0.0,300000.0,84,3.0,fully_rejected
2,supply,sole_proprietor,False,1.0,2776115.59,171,2.0,fully_rejected
3,supply,legal_entity,True,1.0,4379147.42,100,1.0,fully_satisfied
3,construction,individual,True,1.0,4444204.33,145,2.0,partially_satisfied
2,construction,legal_entity,True,1.0,4489000.0,167,2.0,partially_satisfied
3,services,legal_entity,False,0.0,306306.45,74,2.0,fully_satisfied
3,construction,legal_entity,True,1.0,4506114.74,156,1.0,partially_satisfied
2,construction,legal_entity,True,1.0,875321.75,163,1.0,partially_satisfied
1,construction,individual,True,1.0,840555.9,138,3.0,partially_satisfied
2,construction,sole_proprietor,True,1.0,,196,,fully_rejected
2,services,individual,True,0.0,316316.56,96,3.0,fully_satisfied
1,supply,legal_entity,True,1.0,4697000.97,164,3.0,partially_satisfied
1,services,sole_proprietor,False,,4061000.63,149,3.0,fully_satisfied
2,construction,individual,True,1.0,4873000.86,188,2.0,fully_satisfied
1,supply,legal_entity,True,0.0,336336.04,76,2.0,fully_satisfied
3,supply,individual,True,1.0,4078959.35,124,3.0,partially_satisfied
1,supply,sole_proprietor,True,0.0,2287658.87,91,2.0,fully_rejected
1,services,legal_entity,True,0.0,4462616.0,100,3.0,fully_satisfied
3,services,individual,False,1.0,4304962.86,153,1.0,partially_satisfied
1,services,sole_proprietor,False,1.0,2964362.0,119,2.0,partially_satisfied
1,construction,legal_entity,True,1.0,3737552.18,130,2.0,fully_satisfied
2,construction,individual,True,0.0,3989321.54,129,2.0,partially_satisfied
3,supply,sole_proprietor,True,1.0,4355000.0,121,2.0,fully_rejected
1,construction,individual,True,1.0,1532768.36,186,1.0,partially_satisfied
1,services,sole_proprietor,False,1.0,3271479.99,139,2.0,partially_satisfied
2,supply,individual,False,0.0,479291.91,90,2.0,fully_rejected
3,supply,legal_entity,False,1.0,1949000.0,151,1.0,partially_satisfied
2,services,legal_entity,False,1.0,3045000.41,191,2.0,fully_satisfied
1,services,individual,False,1.0,1982000.7,169,3.0,partially_satisfied
1,construction,individual,False,0.0,498995.7,60,2.0,fully_rejected
1,construction,sole_proprietor,True,1.0,3700025.53,208,2.0,
1,supply,legal_entity,True,0.0,391455.37,85,2.0,fully_satisfied
2,supply,sole_proprietor,True,1.0,2562562.0,176,1.0,fully_satisfied
1,construction,individual,True,1.0,4457000.0,100,2.0,fully_rejected
2,supply,individual,True,,4986024.17,111,,fully_satisfied
2,services,legal_entity,True,1.0,1317078.27,168,2.0,fully_satisfied
2,services,sole_proprietor,False,1.0,1418536.0,212,3.0,fully_satisfied
1,supply,legal_entity,True,1.0,860032.43,176,2.0,partially_satisfied
3,supply,sole_proprietor,True,0.0,2728698.68,61,2.0,fully_rejected
2,construction,legal_entity,True,1.0,2679000.0,181,3.0,partially_satisfied
2,,individual,False,0.0,308308.0,67,3.0,partially_satisfied
1,supply,individual,True,0.0,491491.0,57,3.0,partially_satisfied
1,supply,legal_entity,True,1.0,1692963.0,156,2.0,fully_satisfied
3,supply,legal_entity,True,1.0,4142000.0,150,3.0,partially_satisfied
1,construction,individual,True,1.0,3738862.38,153,3.0,fully_satisfied
1,construction,individual,True,1.0,4115818.0,135,3.0,partially_satisfied
2,construction,sole_proprietor,False,0.0,484000.0,62,2.0,fully_satisfied
2,services,sole_proprietor,False,0.0,2335774.2,108,3.0,
3,supply,individual,False,1.0,1685706.0,136,1.0,partially_satisfied
1,construction,legal_entity,True,1.0,559450.64,111,,fully_satisfied
3,services,individual,False,1.0,595771.45,116,2.0,fully_satisfied
1,supply,legal_entity,True,1.0,4687644.0,175,3.0,partially_satisfied
2,supply,individual,True,0.0,2020935.5,112,3.0,partially_satisfied
2,services,individual,False,1.0,1769272.91,181,1.0,fully_satisfied
1,construction,sole_proprietor,True,1.0,4832324.61,132,2.0,fully_rejected
1,construction,individual,True,1.0,829829.78,113,2.0,partially_satisfied
2,supply,sole_proprietor,True,1.0,1977000.11,155,3.0,fully_rejected
3,construction,individual,True,1.0,1644093.25,139,2.0,fully_rejected
2,supply,legal_entity,True,0.0,944515.0,64,3.0,fully_satisfied
3,construction,legal_entity,True,1.0,1231441.41,146,2.0,partially_satisfied
3,construction,legal_entity,True,1.0,4246175.1,218,2.0,partially_satisfied
2,construction,individual,False,1.0,4820534.06,121,1.0,partially_satisfied
2,supply,individual,True,1.0,4866000.0,179,2.0,fully_satisfied
1,construction,individual,True,1.0,1946082.3,139,3.0,fully_satisfied
1,construction,sole_proprietor,True,0.0,,113,,partially_satisfied
3,services,individual,False,1.0,591743.15,114,2.0,partially_satisfied
2,supply,individual,True,1.0,804613.98,165,3.0,partially_satisfied
1,supply,individual,False,1.0,3094120.33,155,2.0,partially_satisfied
2,construction,individual,True,1.0,3000374.49,160,3.0,partially_satisfied
2,supply,individual,True,1.0,4590028.57,131,2.0,partially_satisfied
3,construction,individual,True,1.0,4915524.53,158,1.0,partially_satisfied
2,supply,individual,True,0.0,613421.78,63,1.0,partially_satisfied
2,construction,sole_proprietor,False,1.0,1648401.87,174,1.0,fully_satisfied
1,services,individual,False,0.0,366155.31,54,2.0,partially_satisfied
2,services,individual,True,1.0,3203599.77,187,2.0,partially_satisfied
2,construction,sole_proprietor,False,1.0,,192,,fully_rejected
3,,legal_entity,True,1.0,1151631.56,162,1.0,partially_satisfied
2,construction,individual,True,1.0,4161000.28,150,2.0,partially_satisfied
1,supply,sole_proprietor,True,0.0,1159000.0,93,2.0,fully_satisfied
1,construction,legal_entity,True,1.0,1657083.52,172,3.0,partially_satisfied
2,services,sole_proprietor,False,0.0,372364.6,87,2.0,fully_rejected
3,services,legal_entity,True,1.0,4491875.63,133,1.0,partially_satisfied
1,services,legal_entity,True,1.0,2880961.39,187,3.0,fully_satisfied
1,supply,individual,True,1.0,2039000.02,142,3.0,fully_satisfied
2,services,sole_proprietor,True,1.0,700788.11,124,2.0,partially_satisfied
1,construction,sole_proprietor,True,0.0,304304.9,55,3.0,partially_satisfied
3,supply,legal_entity,True,0.0,719719.42,64,1.0,partially_satisfied
1,supply,sole_proprietor,True,0.0,805820.82,60,3.0,fully_satisfied
1,services,individual,True,1.0,1851510.07,186,2.0,fully_satisfied
3,supply,sole_proprietor,True,0.0,4982000.32,70,1.0,fully_rejected
1,services,individual,True,1.0,3825226.0,141,2.0,partially_satisfied
1,construction,legal_entity,True,1.0,1032736.03,194,3.0,fully_satisfied
1,services,sole_proprietor,False,0.0,309601.95,55,2.0,fully_satisfied
1,supply,legal_entity,False,1.0,1865387.75,158,2.0,partially_satisfied
1,supply,legal_entity,True,0.0,383167.06,69,2.0,fully_satisfied
1,services,sole_proprietor,False,0.0,3516721.41,125,3.0,partially_satisfied
1,supply,sole_proprietor,True,0.0,300000.0,62,2.0,fully_rejected
1,supply,legal_entity,True,1.0,2880212.38,131,3.0,
2,supply,legal_entity,True,0.0,4978974.81,121,2.0,partially_satisfied
2,construction,legal_entity,True,0.0,4432000.0,88,3.0,fully_rejected
1,supply,individual,False,0.0,922521.57,51,2.0,partially_satisfied
1,,sole_proprietor,True,0.0,300000.0,53,3.0,fully_satisfied
2,construction,individual,True,1.0,3959372.08,142,2.0,fully_satisfied
3,services,legal_entity,True,0.0,2268564.2,120,1.0,fully_rejected
3,supply,sole_proprietor,True,0.0,840000.0,62,1.0,fully_rejected
1,supply,sole_proprietor,False,1.0,2134362.67,168,1.0,partially_satisfied
1,supply,individual,True,1.0,4572043.87,184,2.0,partially_satisfied
1,supply,individual,True,1.0,3179301.27,177,2.0,fully_rejected
1,supply,legal_entity,True,0.0,623966.43,59,3.0,fully_satisfied
2,services,individual,True,1.0,,116,,partially_satisfied
2,services,individual,False,0.0,2714477.69,110,1.0,fully_rejected
1,supply,legal_entity,True,1.0,3751839.22,135,2.0,fully_satisfied
1,supply,legal_entity,True,1.0,1217178.12,179,2.0,fully_satisfied
2,supply,individual,True,1.0,2545617.22,153,1.0,partially_satisfied
1,supply,individual,True,1.0,1350443.48,201,2.0,fully_satisfied
3,supply,legal_entity,True,1.0,1043000.0,173,1.0,fully_satisfied
1,supply,legal_entity,True,0.0,4283000.83,105,2.0,fully_rejected
3,supply,sole_proprietor,True,1.0,2926000.72,144,3.0,fully_satisfied
1,supply,individual,True,1.0,4817511.56,147,3.0,partially_satisfied
3,supply,individual,True,,3094555.7,143,3.0,partially_satisfied
3,,individual,False,0.0,343872.0,51,1.0,partially_satisfied
3,construction,legal_entity,True,1.0,4314000.0,124,2.0,partially_satisfied
3,construction,individual,True,0.0,837265.17,75,1.0,fully_rejected
2,services,individual,True,1.0,568176.77,121,1.0,fully_satisfied
2,supply,legal_entity,True,1.0,336336.64,139,3.0,
2,construction,legal_entity,False,0.0,674751.16,92,1.0,fully_satisfied
1,supply,legal_entity,True,0.0,945798.48,89,2.0,partially_satisfied
2,services,sole_proprietor,True,1.0,4978423.68,144,3.0,fully_satisfied
2,construction,sole_proprietor,False,1.0,3851774.25,158,2.0,partially_satisfied
3,services,sole_proprietor,False,0.0,418418.95,78,2.0,partially_satisfied
2,services,individual,True,0.0,4899966.57,112,2.0,fully_satisfied
1,supply,sole_proprietor,True,0.0,686581.62,56,1.0,fully_satisfied
2,supply,sole_proprietor,True,1.0,380255.85,131,3.0,partially_satisfied
1,,sole_proprietor,True,0.0,3676332.06,104,2.0,partially_satisfied
1,services,legal_entity,True,1.0,2728787.89,173,2.0,partially_satisfied
2,supply,legal_entity,False,1.0,3714000.12,125,1.0,partially_satisfied
2,services,individual,False,1.0,4600691.0,195,3.0,partially_satisfied
1,supply,individual,True,1.0,4972226.79,171,3.0,fully_satisfied
1,construction,individual,False,0.0,326000.0,88,2.0,partially_satisfied
1,construction,individual,True,0.0,752000.03,88,3.0,partially_satisfied
1,supply,individual,True,1.0,3780000.83,159,1.0,partially_satisfied
1,supply,individual,False,0.0,862351.14,74,3.0,fully_satisfied
2,construction,legal_entity,True,1.0,876876.0,143,1.0,partially_satisfied
1,services,sole_proprietor,True,1.0,850000.0,158,2.0,partially_satisfied
3,services,legal_entity,True,0.0,462000.0,77,1.0,fully_rejected
3,supply,individual,True,1.0,2314944.07,164,,fully_satisfied
2,supply,individual,True,1.0,2872666.0,183,3.0,partially_satisfied
1,construction,sole_proprietor,False,1.0,4270000.6,194,3.0,partially_satisfied
2,services,individual,False,1.0,646646.5,94,1.0,fully_rejected
3,supply,individual,False,1.0,2013000.32,156,1.0,fully_satisfied
2,services,legal_entity,False,1.0,1865000.83,163,2.0,partially_satisfied
3,supply,individual,True,1.0,1460000.19,152,1.0,partially_satisfied
2,supply,individual,False,0.0,2165408.77,107,1.0,fully_rejected
2,construction,sole_proprietor,True,1.0,1237297.36,152,2.0,fully_rejected
1,construction,sole_proprietor,True,1.0,1560181.0,182,3.0,
2,services,sole_proprietor,False,0.0,318546.0,96,3.0,partially_satisfied
1,supply,individual,True,0.0,342011.0,83,2.0,partially_satisfied
2,supply,legal_entity,True,1.0,3583172.0,132,2.0,partially_satisfied
3,services,individual,True,0.0,406450.04,66,2.0,partially_satisfied
1,services,sole_proprietor,True,1.0,402500.72,149,2.0,fully_rejected
2,services,sole_proprietor,True,0.0,442442.79,89,2.0,partially_satisfied
1,construction,legal_entity,True,1.0,2284000.84,159,3.0,partially_satisfied
2,supply,individual,False,1.0,3484000.0,174,1.0,fully_rejected
1,services,sole_proprietor,True,1.0,1597529.16,202,2.0,fully_rejected
3,supply,individual,True,,,65,2.0,fully_satisfied
1,construction,individual,True,1.0,1764515.0,156,3.0,fully_satisfied
3,services,individual,False,0.0,753320.08,77,2.0,partially_satisfied
3,supply,legal_entity,True,0.0,404744.18,44,2.0,fully_rejected
2,supply,individual,True,1.0,3267925.96,181,2.0,fully_satisfied
2,services,legal_entity,True,1.0,1775040.0,188,1.0,fully_satisfied
2,supply,individual,False,0.0,1978000.88,105,3.0,partially_satisfied
3,supply,legal_entity,True,1.0,1168000.08,174,3.0,fully_rejected
1,supply,legal_entity,True,0.0,4150650.03,125,1.0,fully_satisfied
2,supply,individual,False,1.0,2285000.46,194,1.0,fully_satisfied
1,construction,individual,True,0.0,707204.0,68,3.0,fully_satisfied
2,services,individual,True,1.0,4325000.0,123,2.0,partially_satisfied
1,services,legal_entity,True,1.0,4567000.84,203,2.0,fully_satisfied
2,construction,individual,True,0.0,2750989.45,112,2.0,fully_satisfied
2,,sole_proprietor,True,0.0,4288000.0,122,3.0,
2,services,sole_proprietor,True,0.0,443443.86,60,2.0,fully_rejected
2,construction,legal_entity,True,0.0,3813000.08,142,1.0,fully_satisfied
2,supply,sole_proprietor,True,0.0,4800778.27,112,1.0,fully_rejected
2,supply,sole_proprietor,True,1.0,2308892.0,197,2.0,partially_satisfied
2,supply,legal_entity,True,0.0,4844747.95,97,3.0,partially_satisfied
2,construction,individual,False,1.0,781000.35,164,2.0,fully_rejected
3,supply,legal_entity,True,1.0,1842436.14,144,1.0,fully_rejected
1,supply,individual,True,1.0,3305213.24,191,3.0,partially_satisfied
1,supply,sole_proprietor,True,1.0,1266635.0,176,2.0,partially_satisfied
1,construction,legal_entity,True,1.0,3460224.87,158,3.0,fully_satisfied
2,supply,sole_proprietor,True,0.0,2331255.75,112,1.0,partially_satisfied
2,supply,sole_proprietor,True,,2149449.2,213,3.0,fully_satisfied
2,construction,individual,False,1.0,613000.0,138,3.0,partially_satisfied
2,construction,sole_proprietor,False,0.0,802000.0,76,3.0,fully_satisfied
1,construction,individual,True,0.0,911372.21,50,2.0,partially_satisfied
3,supply,sole_proprietor,True,1.0,4675000.0,153,1.0,fully_rejected
2,construction,sole_proprietor,False,1.0,3566000.29,226,1.0,partially_satisfied
1,services,individual,True,0.0,838000.0,66,3.0,fully_satisfied
1,supply,individual,False,0.0,2375627.87,101,1.0,
1,services,individual,True,0.0,4315000.25,88,,fully_satisfied
1,services,individual,True,0.0,,106,3.0,fully_satisfied
1,construction,individual,True,0.0,1637857.1,107,2.0,fully_rejected
3,supply,legal_entity,True,0.0,3701859.7,89,1.0,
2,services,sole_proprietor,False,0.0,1553047.0,130,1.0,fully_rejected
1,supply,individual,True,1.0,3504000.0,148,3.0,fully_rejected
2,supply,sole_proprietor,False,0.0,3565492.75,94,3.0,fully_satisfied
2,supply,legal_entity,True,0.0,4572000.0,105,2.0,partially_satisfied
3,construction,individual,False,1.0,3027000.16,136,3.0,fully_satisfied
2,supply,individual,False,1.0,3466074.91,162,1.0,partially_satisfied
2,services,individual,True,1.0,4526051.94,170,2.0,fully_satisfied
1,services,individual,True,1.0,3966000.64,133,3.0,partially_satisfied
3,construction,legal_entity,True,0.0,373373.1,76,2.0,partially_satisfied
2,services,legal_entity,True,1.0,1909000.51,191,2.0,partially_satisfied
3,supply,individual,False,0.0,2656000.0,103,2.0,partially_satisfied
1,services,legal_entity,True,1.0,1171957.0,151,3.0,partially_satisfied
3,construction,individual,True,1.0,1459000.0,148,2.0,fully_satisfied
2,,sole_proprietor,True,0.0,369369.0,93,2.0,partially_satisfied
1,services,legal_entity,True,1.0,2090627.11,138,,fully_rejected
2,construction,individual,False,0.0,855193.62,91,1.0,fully_satisfied
2,construction,individual,True,0.0,3197915.36,92,2.0,fully_satisfied
1,services,sole_proprietor,False,1.0,2335670.0,158,3.0,partially_satisfied
2,construction,legal_entity,False,1.0,1915000.0,168,1.0,partially_satisfied
3,supply,individual,True,1.0,3798904.69,171,1.0,partially_satisfied
1,services,individual,True,0.0,451451.99,89,,fully_satisfied
2,,individual,False,1.0,1577000.86,190,2.0,partially_satisfied
2,supply,sole_proprietor,False,0.0,2294493.51,91,2.0,partially_satisfied
1,supply,sole_proprietor,True,0.0,720748.62,83,2.0,fully_rejected
3,construction,legal_entity,False,0.0,358915.0,64,1.0,fully_rejected
2,services,legal_entity,True,1.0,3040000.0,186,3.0,fully_satisfied
1,supply,legal_entity,False,0.0,535696.63,51,3.0,partially_satisfied
3,construction,legal_entity,False,1.0,1111256.31,176,1.0,fully_rejected
3,construction,individual,False,1.0,4615407.38,186,1.0,fully_rejected
1,services,sole_proprietor,True,0.0,3665962.88,119,2.0,partially_satisfied
3,construction,individual,True,1.0,,173,2.0,fully_satisfied
1,services,individual,True,1.0,2560000.99,160,3.0,partially_satisfied
3,services,legal_entity,True,1.0,4490999.0,176,2.0,fully_satisfied
2,services,sole_proprietor,False,1.0,427168.0,106,2.0,fully_satisfied
2,services,legal_entity,True,1.0,4728022.0,198,1.0,
1,services,sole_proprietor,True,0.0,2557224.13,93,2.0,fully_satisfied
3,services,sole_proprietor,True,0.0,580492.13,78,1.0,fully_rejected
1,construction,sole_proprietor,True,1.0,2319308.16,207,2.0,partially_satisfied
1,services,individual,True,1.0,2100581.84,163,2.0,fully_rejected
1,supply,individual,False,0.0,400400.39,76,3.0,fully_rejected
2,supply,sole_proprietor,False,1.0,427079.0,150,1.0,fully_rejected
1,services,individual,True,1.0,4607641.6,181,,fully_rejected
3,services,legal_entity,False,1.0,3887000.0,129,1.0,fully_satisfied
2,services,individual,False,1.0,1176462.02,167,2.0,partially_satisfied
1,,individual,True,0.0,999842.8,67,3.0,fully_satisfied
1,supply,legal_entity,True,0.0,4811120.68,96,1.0,partially_satisfied
1,supply,individual,True,1.0,1559249.39,203,2.0,partially_satisfied
2,supply,legal_entity,True,1.0,2782911.39,167,2.0,partially_satisfied
3,supply,legal_entity,True,0.0,619000.0,77,2.0,partially_satisfied
1,construction,individual,True,1.0,3654783.0,154,,partially_satisfied
3,construction,sole_proprietor,False,1.0,3863802.2,130,3.0,fully_satisfied
1,services,sole_proprietor,False,0.0,2910958.32,110,3.0,fully_satisfied
3,supply,legal_entity,False,1.0,3420771.09,169,2.0,fully_rejected
3,services,legal_entity,True,1.0,4765250.11,125,1.0,partially_satisfied
2,supply,legal_entity,True,1.0,797357.03,110,2.0,fully_satisfied
2,construction,sole_proprietor,False,1.0,4855000.0,196,1.0,partially_satisfied
3,construction,individual,True,1.0,2924146.12,195,2.0,fully_rejected
1,construction,sole_proprietor,True,0.0,1510108.35,105,,fully_satisfied
1,services,legal_entity,True,,4922000.6,80,2.0,fully_satisfied
1,construction,sole_proprietor,True,1.0,1929747.99,160,2.0,partially_satisfied
2,supply,sole_proprietor,True,0.0,300000.0,65,3.0,partially_satisfied
2,services,sole_proprietor,True,1.0,1729000.0,133,3.0,fully_rejected
2,services,legal_entity,True,1.0,1801000.0,175,2.0,fully_satisfied
3,construction,legal_entity,True,0.0,4862982.11,79,1.0,fully_rejected
1,construction,individual,True,1.0,3733000.0,178,3.0,partially_satisfied
2,construction,individual,True,0.0,488488.92,68,3.0,partially_satisfied
1,construction,sole_proprietor,True,0.0,3965145.53,73,3.0,fully_satisfied
1,construction,sole_proprietor,False,1.0,4211327.0,192,2.0,partially_satisfied
2,supply,sole_proprietor,True,1.0,4099713.08,121,2.0,fully_rejected
3,services,individual,False,1.0,3823737.61,129,2.0,fully_rejected
2,supply,sole_proprietor,False,1.0,3830523.34,153,1.0,partially_satisfied
1,supply,sole_proprietor,True,0.0,1524432.95,83,2.0,partially_satisfied
2,construction,sole_proprietor,False,1.0,2997000.0,136,1.0,fully_rejected
1,services,sole_proprietor,False,0.0,618889.77,86,2.0,fully_satisfied
3,supply,legal_entity,True,1.0,3937000.0,153,2.0,fully_rejected
2,services,sole_proprietor,True,1.0,4845240.14,169,1.0,partially_satisfied
1,services,legal_entity,True,1.0,2014314.67,195,3.0,partially_satisfied
1,supply,sole_proprietor,False,0.0,750721.73,54,1.0,partially_satisfied
1,construction,sole_proprietor,False,0.0,3936000.0,99,3.0,fully_satisfied
3,construction,sole_proprietor,False,1.0,4157345.39,141,2.0,partially_satisfied
2,supply,individual,False,0.0,3902000.06,126,2.0,partially_satisfied
2,services,individual,True,0.0,1018714.83,117,3.0,fully_satisfied
2,supply,sole_proprietor,False,0.0,719827.9,63,1.0,fully_satisfied
2,services,legal_entity,True,0.0,859664.75,94,3.0,partially_satisfied
1,supply,sole_proprietor,False,1.0,1444000.0,121,3.0,partially_satisfied
3,construction,individual,True,0.0,428232.59,67,1.0,fully_satisfied
1,supply,sole_proprietor,True,1.0,772772.21,121,3.0,fully_rejected
2,supply,individual,False,1.0,4089415.0,214,1.0,fully_rejected
2,supply,legal_entity,True,1.0,3771099.1,165,2.0,partially_satisfied
2,supply,legal_entity,True,1.0,4821000.97,147,1.0,fully_satisfied
3,construction,sole_proprietor,True,1.0,1787576.85,183,2.0,fully_rejected
1,services,sole_proprietor,True,0.0,627704.28,80,1.0,partially_satisfied
2,construction,individual,False,1.0,1947367.43,176,1.0,partially_satisfied
2,services,sole_proprietor,True,0.0,1473000.0,123,2.0,fully_rejected
2,construction,legal_entity,True,1.0,1492000.0,186,3.0,partially_satisfied
1,construction,legal_entity,True,0.0,847805.18,86,2.0,partially_satisfied
1,supply,sole_proprietor,True,1.0,4581209.67,183,3.0,partially_satisfied
1,supply,individual,True,0.0,423423.36,89,3.0,fully_satisfied
1,supply,individual,True,0.0,510416.44,65,3.0,fully_rejected
2,supply,individual,False,1.0,992472.0,111,1.0,fully_satisfied
2,services,individual,False,0.0,1679000.0,140,2.0,partially_satisfied
2,supply,individual,False,1.0,4421175.32,143,3.0,fully_rejected
2,supply,legal_entity,True,1.0,4702342.13,165,2.0,fully_rejected
2,supply,sole_proprietor,True,1.0,1566867.71,192,2.0,partially_satisfied
1,construction,individual,False,1.0,4023569.85,161,3.0,partially_satisfied
2,supply,individual,False,0.0,1286091.56,133,2.0,fully_rejected
1,construction,individual,True,1.0,2073000.85,200,2.0,fully_satisfied
1,supply,legal_entity,True,1.0,2300652.0,145,2.0,partially_satisfied
2,construction,individual,False,1.0,4050801.18,163,3.0,fully_satisfied
2,services,legal_entity,True,1.0,2667628.36,183,3.0,partially_satisfied
1,supply,legal_entity,True,1.0,842842.69,104,3.0,partially_satisfied
2,services,individual,True,1.0,1722720.17,156,,partially_satisfied
2,supply,sole_proprietor,True,1.0,2130000.0,166,2.0,partially_satisfied
2,construction,legal_entity,True,1.0,4041082.88,166,1.0,partially_satisfied
2,services,sole_proprietor,True,0.0,326505.89,86,1.0,fully_rejected
2,supply,individual,False,1.0,1116000.0,152,1.0,fully_rejected
1,services,legal_entity,True,1.0,413413.2,144,2.0,fully_satisfied
2,supply,legal_entity,True,1.0,1413559.32,134,2.0,partially_satisfied
2,supply,sole_proprietor,False,1.0,3334284.38,205,1.0,fully_satisfied
2,services,sole_proprietor,False,0.0,2060000.0,109,1.0,fully_rejected
2,supply,individual,False,0.0,969064.88,82,2.0,partially_satisfied
1,supply,legal_entity,True,0.0,1674840.85,100,2.0,partially_satisfied
2,supply,sole_proprietor,False,1.0,4516568.71,144,1.0,partially_satisfied
2,supply,individual,True,1.0,3857646.56,181,1.0,fully_satisfied
3,services,sole_proprietor,True,1.0,1553000.86,107,1.0,fully_satisfied
3,supply,legal_entity,True,0.0,975815.77,49,2.0,fully_rejected
2,supply,legal_entity,True,1.0,923923.86,102,3.0,partially_satisfied
2,services,individual,False,1.0,1180000.0,225,3.0,fully_satisfied
2,supply,individual,True,1.0,3208982.9,137,3.0,fully_rejected
1,services,legal_entity,True,1.0,1902000.0,132,3.0,fully_satisfied
3,supply,legal_entity,False,0.0,2924835.28,103,3.0,partially_satisfied
2,construction,sole_proprietor,False,0.0,419419.48,92,2.0,partially_satisfied
1,services,sole_proprietor,True,1.0,2146545.17,183,3.0,partially_satisfied
1,construction,sole_proprietor,False,0.0,4849819.0,116,2.0,partially_satisfied
3,construction,sole_proprietor,False,0.0,1233000.0,101,1.0,fully_satisfied
1,,individual,False,1.0,1424447.06,118,2.0,partially_satisfied
1,services,individual,False,1.0,1801000.0,144,,fully_satisfied
1,services,individual,False,0.0,4183000.0,85,3.0,fully_satisfied
1,construction,legal_entity,True,1.0,1991000.83,125,1.0,partially_satisfied
1,construction,individual,False,1.0,3982595.0,144,3.0,partially_satisfied
2,services,individual,True,1.0,594950.0,148,,partially_satisfied
1,construction,sole_proprietor,True,1.0,672000.23,129,2.0,fully_satisfied
3,construction,individual,False,0.0,4011000.26,60,1.0,fully_rejected
3,construction,individual,True,1.0,2440830.39,143,1.0,fully_satisfied
1,supply,sole_proprietor,False,1.0,1089571.32,138,2.0,partially_satisfied
1,services,individual,True,0.0,,55,3.0,fully_satisfied
2,,sole_proprietor,True,0.0,339339.87,74,2.0,partially_satisfied
1,services,legal_entity,True,0.0,3587000.0,99,3.0,fully_satisfied
1,construction,individual,True,1.0,686110.43,159,3.0,fully_satisfied
3,supply,legal_entity,True,1.0,2283782.0,89,2.0,fully_satisfied
3,supply,legal_entity,True,1.0,4606830.75,177,2.0,partially_satisfied
2,construction,legal_entity,False,0.0,3318613.27,126,1.0,partially_satisfied
1,construction,sole_proprietor,True,1.0,2266000.0,126,2.0,partially_satisfied
2,,sole_proprietor,True,1.0,3080000.9,149,1.0,partially_satisfied
2,construction,sole_proprietor,True,1.0,1894890.0,157,2.0,partially_satisfied
1,supply,sole_proprietor,True,0.0,1133468.44,131,3.0,fully_rejected
2,services,individual,True,1.0,590545.77,162,2.0,fully_satisfied
1,construction,legal_entity,True,0.0,1179116.0,118,3.0,partially_satisfied
1,supply,sole_proprietor,False,1.0,475475.5,114,3.0,partially_satisfied
2,services,legal_entity,True,1.0,2024057.44,159,1.0,partially_satisfied
1,services,individual,True,0.0,445445.48,79,1.0,partially_satisfied
1,services,individual,True,1.0,3667000.36,182,3.0,fully_satisfied
3,supply,sole_proprietor,True,1.0,1673678.19,131,3.0,partially_satisfied
3,services,sole_proprietor,False,0.0,358358.73,77,2.0,fully_rejected
2,construction,sole_proprietor,True,0.0,4819207.2,138,1.0,partially_satisfied
3,supply,individual,False,1.0,1559970.9,196,3.0,fully_rejected
3,,individual,True,1.0,1735126.0,155,2.0,
1,supply,sole_proprietor,True,0.0,4417866.92,111,3.0,fully_rejected
2,supply,individual,True,1.0,645618.3,130,1.0,partially_satisfied
1,construction,legal_entity,True,1.0,3406280.0,202,3.0,fully_satisfied
1,services,individual,False,0.0,300000.0,57,,fully_rejected
2,supply,individual,True,1.0,964000.0,150,3.0,partially_satisfied
2,construction,individual,False,0.0,1515128.0,89,2.0,fully_satisfied
2,construction,sole_proprietor,False,0.0,4635392.0,104,2.0,fully_satisfied
1,supply,sole_proprietor,True,1.0,4159602.4,158,3.0,partially_satisfied
1,,sole_proprietor,True,1.0,3119994.0,136,3.0,fully_satisfied
3,supply,legal_entity,True,1.0,3979901.89,159,1.0,fully_rejected
1,construction,individual,True,1.0,4409759.81,147,1.0,fully_satisfied
1,services,sole_proprietor,False,1.0,1820000.34,120,2.0,fully_rejected
1,services,individual,True,0.0,559561.0,73,3.0,partially_satisfied
2,,individual,False,1.0,1996680.12,178,1.0,fully_rejected
2,supply,sole_proprietor,False,1.0,717718.0,138,1.0,partially_satisfied
2,services,individual,True,0.0,445333.34,72,3.0,fully_rejected
1,,sole_proprietor,False,1.0,2110000.0,150,3.0,partially_satisfied
1,supply,sole_proprietor,True,1.0,490859.78,83,1.0,partially_satisfied
3,services,legal_entity,False,0.0,2286729.8,67,1.0,fully_rejected
2,services,sole_proprietor,True,1.0,3926556.8,140,3.0,fully_satisfied
2,services,sole_proprietor,False,1.0,4696139.0,188,2.0,partially_satisfied
2,supply,individual,False,1.0,2947000.0,149,2.0,fully_rejected
2,construction,individual,False,1.0,2422922.05,188,2.0,fully_rejected
1,construction,individual,True,0.0,449449.32,64,2.0,partially_satisfied
1,supply,sole_proprietor,False,1.0,4957383.55,125,3.0,fully_rejected
2,supply,legal_entity,True,1.0,,171,1.0,partially_satisfied
1,supply,individual,False,1.0,1292904.28,195,3.0,
3,supply,sole_proprietor,True,1.0,2300000.2,136,1.0,partially_satisfied
2,supply,legal_entity,True,1.0,,206,1.0,partially_satisfied
2,services,legal_entity,True,1.0,632337.54,138,1.0,fully_satisfied
3,construction,sole_proprietor,True,1.0,2686133.0,110,2.0,
2,construction,sole_proprietor,True,0.0,4334793.64,114,1.0,partially_satisfied
3,services,sole_proprietor,False,0.0,306306.29,43,1.0,fully_satisfied
2,services,legal_entity,True,1.0,1935000.48,207,1.0,partially_satisfied
3,services,individual,False,0.0,328328.79,55,2.0,partially_satisfied
1,services,legal_entity,True,0.0,714390.45,69,2.0,fully_satisfied
2,services,individual,False,0.0,1242000.5,124,3.0,partially_satisfied
2,supply,legal_entity,True,1.0,3501957.54,177,2.0,fully_satisfied
1,supply,individual,True,1.0,4344000.0,178,3.0,partially_satisfied
1,construction,individual,False,0.0,3314823.8,94,3.0,partially_satisfied
3,supply,individual,False,1.0,3549000.34,110,1.0,partially_satisfied
2,services,sole_proprietor,False,1.0,4093789.55,132,3.0,fully_rejected
1,supply,individual,True,1.0,3628534.65,181,3.0,fully_satisfied
1,supply,individual,True,1.0,4631111.79,157,2.0,
1,construction,sole_proprietor,False,0.0,1995027.09,100,3.0,fully_satisfied
1,construction,sole_proprietor,True,1.0,885465.67,101,2.0,partially_satisfied
3,construction,legal_entity,False,0.0,803000.0,80,2.0,fully_satisfied
2,construction,legal_entity,True,0.0,1645890.05,94,3.0,fully_satisfied
1,services,sole_proprietor,False,1.0,1528000.61,201,3.0,partially_satisfied
2,supply,individual,True,1.0,758988.99,131,2.0,fully_satisfied
1,services,individual,True,0.0,1528157.95,121,3.0,fully_satisfied
1,supply,legal_entity,False,1.0,881399.03,99,3.0,partially_satisfied
2,construction,individual,False,1.0,2005307.22,205,1.0,partially_satisfied
2,construction,sole_proprietor,False,1.0,576722.0,124,2.0,fully_rejected
3,services,legal_entity,False,1.0,1982728.36,167,2.0,
2,construction,legal_entity,True,1.0,2080541.0,158,3.0,partially_satisfied
2,services,sole_proprietor,True,1.0,3208407.43,190,3.0,partially_satisfied
2,construction,sole_proprietor,True,0.0,4404857.0,109,1.0,fully_rejected
3,supply,sole_proprietor,True,0.0,728659.79,58,1.0,partially_satisfied
2,services,legal_entity,True,1.0,1691452.79,187,1.0,partially_satisfied
3,construction,individual,False,1.0,1102000.62,141,1.0,partially_satisfied
2,construction,individual,True,0.0,934236.0,97,2.0,fully_satisfied
3,services,sole_proprietor,True,1.0,1479000.0,154,2.0,fully_satisfied
1,construction,individual,True,1.0,4468000.94,153,2.0,fully_satisfied
2,supply,sole_proprietor,True,0.0,971971.39,69,2.0,partially_satisfied
2,supply,individual,True,0.0,3293855.25,110,2.0,fully_rejected
2,construction,legal_entity,True,0.0,3965668.68,116,2.0,fully_satisfied
2,services,legal_entity,True,1.0,2172236.81,166,3.0,partially_satisfied
3,services,sole_proprietor,False,0.0,474474.34,49,2.0,fully_rejected
3,supply,legal_entity,False,1.0,936030.0,126,1.0,partially_satisfied
1,,individual,False,1.0,4065656.77,121,3.0,partially_satisfied
2,construction,sole_proprietor,False,0.0,757726.51,71,2.0,partially_satisfied
2,construction,individual,True,1.0,3890000.62,192,1.0,fully_rejected
1,supply,legal_entity,True,1.0,3991210.49,176,2.0,fully_satisfied
1,services,legal_entity,True,0.0,354354.0,52,3.0,partially_satisfied
1,construction,legal_entity,False,0.0,4720000.09,100,2.0,fully_rejected
2,construction,legal_entity,True,1.0,3951351.21,128,3.0,partially_satisfied
2,supply,legal_entity,True,1.0,2107295.0,195,2.0,partially_satisfied
3,services,individual,True,1.0,3831286.89,123,1.0,fully_satisfied
2,construction,legal_entity,False,,3635000.93,93,3.0,fully_rejected
3,supply,sole_proprietor,False,0.0,434251.98,53,1.0,
2,services,sole_proprietor,True,0.0,328328.77,73,2.0,fully_rejected
2,supply,sole_proprietor,False,1.0,891827.0,141,1.0,partially_satisfied
1,construction,individual,False,0.0,4954052.35,105,2.0,fully_satisfied
2,construction,individual,False,1.0,2425000.7,128,2.0,partially_satisfied
3,supply,individual,True,0.0,2917915.3,88,1.0,partially_satisfied
3,supply,individual,True,1.0,1357973.58,146,2.0,fully_satisfied
3,services,sole_proprietor,False,1.0,4667996.71,117,1.0,fully_rejected
1,supply,legal_entity,True,0.0,1300552.61,111,2.0,fully_rejected
1,supply,sole_proprietor,True,0.0,409409.0,62,3.0,partially_satisfied
1,services,sole_proprietor,True,1.0,1704241.26,135,2.0,partially_satisfied
1,supply,sole_proprietor,True,0.0,4917000.0,103,3.0,partially_satisfied
2,supply,sole_proprietor,False,1.0,,164,2.0,partially_satisfied
2,,individual,True,1.0,4876000.55,211,2.0,partially_satisfied
2,construction,legal_entity,False,1.0,2890534.97,171,1.0,partially_satisfied
3,services,individual,True,1.0,,205,1.0,partially_satisfied
2,services,legal_entity,True,1.0,625112.12,114,1.0,fully_rejected
3,construction,legal_entity,True,1.0,4664438.5,140,2.0,fully_satisfied
1,supply,sole_proprietor,False,1.0,3232617.0,157,3.0,fully_satisfied
1,construction,legal_entity,True,1.0,2448000.0,158,3.0,fully_rejected
2,construction,individual,True,1.0,4973448.37,190,2.0,fully_rejected
3,supply,legal_entity,True,0.0,938660.0,74,3.0,fully_rejected
1,construction,legal_entity,True,0.0,882383.0,90,2.0,fully_rejected
2,services,legal_entity,True,1.0,2247745.41,206,,fully_rejected
2,services,sole_proprietor,True,1.0,946504.54,174,3.0,
1,services,legal_entity,False,1.0,1281449.0,149,2.0,fully_satisfied
2,,legal_entity,True,1.0,452442.0,137,1.0,fully_satisfied
3,construction,sole_proprietor,True,0.0,480480.0,80,1.0,fully_satisfied
2,construction,legal_entity,True,1.0,3837000.0,213,3.0,fully_satisfied
1,construction,legal_entity,True,1.0,3825786.0,165,2.0,
3,,sole_proprietor,True,0.0,4189295.82,83,,fully_satisfied
1,supply,legal_entity,True,1.0,1941732.66,164,3.0,fully_satisfied
3,construction,individual,True,1.0,2045917.07,150,1.0,partially_satisfied
1,services,sole_proprietor,True,0.0,3088076.39,76,3.0,fully_satisfied
2,supply,individual,False,1.0,4600214.74,164,1.0,partially_satisfied
1,construction,individual,True,,340443.11,74,2.0,partially_satisfied
1,construction,legal_entity,True,0.0,,120,3.0,partially_satisfied
3,supply,individual,False,0.0,861861.98,58,1.0,fully_rejected
1,services,individual,False,0.0,300000.0,57,3.0,partially_satisfied
1,construction,individual,False,1.0,598000.0,122,3.0,fully_rejected
1,services,sole_proprietor,True,0.0,1705000.0,107,1.0,fully_rejected
2,services,legal_entity,True,1.0,2037849.11,126,2.0,fully_rejected
3,services,legal_entity,True,1.0,4638175.0,119,1.0,partially_satisfied
3,construction,individual,True,1.0,1967530.7,154,2.0,fully_satisfied
1,construction,sole_proprietor,True,0.0,4548000.0,91,3.0,partially_satisfied
2,services,sole_proprietor,True,0.0,3470945.43,119,,partially_satisfied
1,supply,sole_proprietor,True,1.0,2052591.31,175,3.0,partially_satisfied
2,supply,sole_proprietor,False,1.0,850131.54,125,1.0,partially_satisfied
3,services,individual,True,0.0,3009000.57,70,2.0,partially_satisfied
2,construction,sole_proprietor,True,1.0,1764524.58,166,1.0,partially_satisfied
2,services,sole_proprietor,False,0.0,637945.7,61,3.0,fully_rejected
1,services,sole_proprietor,False,0.0,4459000.0,110,2.0,partially_satisfied
3,services,sole_proprietor,True,1.0,1700167.19,212,1.0,fully_rejected
2,supply,legal_entity,True,1.0,1986000.0,219,1.0,fully_satisfied
1,services,legal_entity,True,1.0,570173.1,131,2.0,fully_satisfied
1,supply,individual,True,0.0,749396.45,89,2.0,fully_satisfied
1,services,legal_entity,True,1.0,4446416.65,121,1.0,partially_satisfied
1,services,legal_entity,True,1.0,3984875.68,119,3.0,fully_satisfied
1,services,individual,True,0.0,746622.68,60,3.0,fully_satisfied
2,construction,sole_proprietor,True,1.0,2668254.2,170,1.0,fully_satisfied
2,construction,individual,True,0.0,461206.92,80,3.0,partially_satisfied
1,construction,legal_entity,True,0.0,403244.39,90,2.0,partially_satisfied
2,supply,individual,True,0.0,4106000.51,97,3.0,partially_satisfied
3,supply,sole_proprietor,False,0.0,4029836.83,86,1.0,fully_rejected
2,,individual,False,0.0,1119000.0,78,2.0,partially_satisfied
2,supply,sole_proprietor,True,0.0,4519005.0,93,2.0,partially_satisfied
1,services,legal_entity,True,1.0,2200000.0,142,2.0,partially_satisfied
3,services,individual,False,0.0,329000.0,73,2.0,fully_satisfied
1,construction,legal_entity,True,1.0,2975775.3,145,3.0,partially_satisfied
1,services,legal_entity,True,1.0,4812110.03,122,3.0,fully_satisfied
3,supply,legal_entity,True,1.0,796662.06,106,1.0,fully_satisfied
2,supply,individual,True,1.0,4220000.0,146,2.0,fully_satisfied
2,construction,legal_entity,True,0.0,478478.19,84,3.0,fully_satisfied
2,services,individual,True,1.0,2778357.5,166,1.0,fully_rejected
2,services,individual,True,1.0,1975945.65,126,1.0,fully_rejected
1,services,legal_entity,True,0.0,4405659.73,108,2.0,fully_satisfied
1,services,sole_proprietor,False,1.0,1114355.25,168,2.0,
1,services,sole_proprietor,True,0.0,1225469.79,116,2.0,partially_satisfied
1,supply,individual,True,1.0,1264000.0,147,1.0,partially_satisfied
3,supply,legal_entity,True,1.0,1745473.53,170,2.0,partially_satisfied
1,supply,legal_entity,True,1.0,308308.0,148,3.0,partially_satisfied
2,services,sole_proprietor,True,1.0,1795553.77,183,3.0,partially_satisfied
2,construction,legal_entity,True,1.0,3881257.06,165,2.0,partially_satisfied
2,supply,individual,False,0.0,462296.73,87,2.0,partially_satisfied
2,services,individual,True,1.0,3872000.0,173,3.0,fully_rejected
2,construction,sole_proprietor,False,1.0,3322000.62,173,3.0,partially_satisfied
3,services,legal_entity,False,0.0,455455.01,65,2.0,fully_rejected
2,supply,individual,False,0.0,352352.21,83,1.0,partially_satisfied
3,services,individual,False,0.0,1810681.42,91,2.0,fully_rejected
3,services,individual,False,1.0,2463000.35,147,2.0,fully_rejected
2,supply,legal_entity,False,0.0,797395.42,93,2.0,fully_satisfied
1,,individual,False,1.0,2447000.89,150,3.0,fully_rejected
2,supply,sole_proprietor,False,1.0,2518340.73,170,3.0,
1,supply,legal_entity,False,0.0,2091890.61,66,3.0,partially_satisfied
2,supply,individual,False,1.0,3924203.26,155,2.0,fully_rejected
3,services,sole_proprietor,True,0.0,345345.53,45,3.0,partially_satisfied
2,construction,sole_proprietor,False,1.0,1076934.5,138,3.0,fully_satisfied
2,construction,legal_entity,True,0.0,1287031.6,109,1.0,partially_satisfied
1,services,individual,False,0.0,466466.99,70,3.0,fully_rejected
3,supply,sole_proprietor,True,0.0,,47,1.0,partially_satisfied
1,supply,individual,False,0.0,3828000.0,97,2.0,partially_satisfied
1,construction,legal_entity,True,1.0,2007219.75,149,2.0,fully_satisfied
1,supply,legal_entity,False,1.0,2826131.67,160,2.0,fully_satisfied
1,services,individual,True,1.0,,139,1.0,partially_satisfied
2,construction,individual,False,1.0,4076000.79,175,1.0,partially_satisfied
2,supply,legal_entity,True,0.0,1324000.16,99,1.0,partially_satisfied
1,services,individual,False,0.0,342342.27,81,3.0,fully_satisfied
1,construction,individual,False,1.0,4851954.07,146,3.0,partially_satisfied
1,services,sole_proprietor,True,1.0,1144202.4,196,3.0,partially_satisfied
1,construction,individual,True,0.0,1038379.09,110,,fully_satisfied
1,services,individual,True,1.0,3398542.55,183,2.0,fully_satisfied
2,services,sole_proprietor,False,1.0,379379.39,178,3.0,partially_satisfied
1,services,individual,True,1.0,3975068.27,162,2.0,partially_satisfied
1,construction,sole_proprietor,False,0.0,4574502.0,81,3.0,fully_satisfied
1,,legal_entity,True,0.0,1307899.0,139,3.0,fully_satisfied
2,services,sole_proprietor,True,1.0,3946255.0,215,2.0,partially_satisfied
1,construction,individual,True,0.0,703310.39,81,1.0,partially_satisfied
1,construction,legal_entity,True,1.0,4709000.36,121,1.0,partially_satisfied
3,construction,individual,False,1.0,992607.0,145,2.0,partially_satisfied
1,services,legal_entity,True,0.0,1202676.15,115,2.0,fully_rejected
2,services,individual,True,1.0,357000.79,147,3.0,fully_satisfied
2,supply,legal_entity,True,1.0,2120881.4,158,2.0,fully_rejected
1,services,individual,True,0.0,1080072.87,84,2.0,partially_satisfied
2,supply,individual,False,0.0,526386.69,67,1.0,partially_satisfied
2,supply,sole_proprietor,True,0.0,862907.6,61,2.0,partially_satisfied
3,supply,individual,True,1.0,360360.56,88,1.0,partially_satisfied
1,supply,individual,True,1.0,1723111.42,129,3.0,fully_satisfied
1,construction,legal_entity,True,1.0,4536911.08,134,3.0,partially_satisfied
1,services,legal_entity,True,1.0,4123569.75,172,3.0,fully_satisfied
2,services,individual,False,1.0,2206350.0,197,2.0,fully_rejected
2,supply,legal_entity,True,1.0,645713.35,157,1.0,partially_satisfied
1,supply,legal_entity,True,1.0,3612000.53,184,3.0,
1,construction,legal_entity,True,0.0,819243.87,90,3.0,partially_satisfied
3,services,sole_proprietor,True,1.0,3993855.9,169,2.0,partially_satisfied
1,services,sole_proprietor,False,1.0,3699455.18,189,3.0,fully_rejected
2,services,sole_proprietor,True,1.0,4858000.62,156,3.0,partially_satisfied
2,supply,sole_proprietor,False,0.0,1015818.17,112,1.0,fully_rejected
1,construction,legal_entity,True,0.0,432432.2,61,2.0,fully_satisfied
1,construction,individual,True,0.0,4618653.85,132,3.0,partially_satisfied
1,construction,individual,True,1.0,2977000.97,114,2.0,partially_satisfied
3,construction,individual,True,0.0,4000442.37,115,2.0,fully_rejected
1,construction,legal_entity,True,0.0,401401.79,74,2.0,partially_satisfied
1,services,sole_proprietor,True,1.0,3615630.65,106,2.0,partially_satisfied
1,construction,sole_proprietor,True,0.0,451502.0,70,1.0,partially_satisfied
1,construction,legal_entity,True,0.0,4400732.81,95,3.0,fully_satisfied
2,services,legal_entity,True,0.0,300000.0,94,3.0,fully_rejected
1,supply,individual,False,1.0,4612784.0,158,2.0,fully_rejected
2,services,legal_entity,False,1.0,4416000.71,164,1.0,partially_satisfied
2,supply,legal_entity,True,0.0,300000.0,77,1.0,fully_rejected
3,services,individual,False,1.0,2720882.0,136,1.0,fully_rejected
1,supply,legal_entity,True,0.0,3997470.0,130,3.0,fully_satisfied
3,,individual,True,1.0,1785645.2,114,1.0,partially_satisfied
2,services,sole_proprietor,False,1.0,3347927.22,156,1.0,fully_rejected
1,,sole_proprietor,True,1.0,1946000.79,139,1.0,fully_rejected
2,supply,individual,False,1.0,2494000.0,142,2.0,partially_satisfied
3,supply,individual,False,1.0,737000.14,135,2.0,partially_satisfied
1,construction,individual,True,0.0,1238918.0,105,3.0,partially_satisfied
3,services,individual,False,0.0,2916000.73,95,2.0,partially_satisfied
2,,sole_proprietor,False,1.0,355893.37,142,3.0,fully_satisfied
2,construction,individual,True,0.0,965043.57,74,2.0,fully_satisfied
3,construction,individual,True,1.0,4923443.0,191,2.0,partially_satisfied
1,services,sole_proprietor,False,1.0,1939078.04,156,3.0,fully_rejected
3,supply,sole_proprietor,False,1.0,740121.11,110,1.0,fully_rejected
1,supply,sole_proprietor,True,1.0,2631000.0,141,3.0,fully_rejected
2,services,legal_entity,True,1.0,1574000.38,169,2.0,partially_satisfied
2,construction,individual,False,1.0,1945587.0,141,2.0,fully_satisfied
1,services,legal_entity,True,1.0,518984.0,107,2.0,partially_satisfied
2,supply,individual,True,1.0,1829000.13,161,2.0,fully_rejected
1,construction,legal_entity,True,0.0,1540820.0,112,3.0,partially_satisfied
1,supply,legal_entity,True,0.0,1053000.43,111,2.0,fully_satisfied
1,services,legal_entity,True,1.0,2560610.74,177,1.0,partially_satisfied
1,construction,sole_proprietor,False,0.0,470470.28,52,2.0,fully_satisfied
1,supply,sole_proprietor,False,0.0,452833.0,80,2.0,fully_satisfied
1,construction,individual,False,1.0,4823186.26,183,3.0,partially_satisfied
2,supply,sole_proprietor,True,0.0,1454004.12,91,2.0,partially_satisfied
2,supply,legal_entity,True,1.0,329901.14,141,3.0,partially_satisfied
2,supply,legal_entity,True,1.0,4895235.0,166,2.0,partially_satisfied
1,supply,sole_proprietor,True,1.0,4666960.07,171,2.0,partially_satisfied
3,construction,individual,True,1.0,1912539.36,84,1.0,fully_rejected
2,supply,sole_proprietor,True,1.0,2936322.03,128,1.0,partially_satisfied
1,supply,individual,True,0.0,2169000.62,92,3.0,fully_satisfied
1,supply,individual,True,0.0,1214411.21,105,1.0,partially_satisfied
2,construction,individual,False,1.0,2348614.12,209,1.0,partially_satisfied
1,supply,legal_entity,True,0.0,375375.0,81,3.0,partially_satisfied
2,supply,individual,False,0.0,430430.05,94,2.0,fully_rejected
3,construction,individual,False,1.0,1375000.19,159,1.0,partially_satisfied
1,construction,individual,True,1.0,780870.93,128,3.0,fully_rejected
1,supply,legal_entity,True,0.0,300000.0,55,3.0,fully_satisfied
3,services,sole_proprietor,True,0.0,801000.54,78,2.0,partially_satisfied
2,construction,individual,True,0.0,4266000.0,126,2.0,fully_satisfied
1,services,individual,True,1.0,2933000.0,169,1.0,partially_satisfied
3,supply,sole_proprietor,True,0.0,395395.53,43,1.0,partially_satisfied
3,services,individual,True,1.0,2347890.05,214,1.0,fully_satisfied
2,supply,sole_proprietor,True,0.0,407407.58,79,3.0,partially_satisfied
2,supply,sole_proprietor,False,0.0,300000.0,69,2.0,fully_rejected
1,supply,legal_entity,False,1.0,3552388.35,170,3.0,fully_satisfied
1,services,individual,False,1.0,2978000.03,136,3.0,partially_satisfied
2,,sole_proprietor,False,1.0,3263941.41,171,2.0,
1,supply,individual,True,1.0,4138006.15,148,2.0,partially_satisfied
2,supply,legal_entity,True,0.0,4852788.13,118,1.0,partially_satisfied
3,services,legal_entity,True,1.0,1108692.75,139,1.0,partially_satisfied
1,construction,legal_entity,True,1.0,2718744.41,167,3.0,fully_satisfied
2,supply,sole_proprietor,True,1.0,4270795.87,173,3.0,partially_satisfied
1,supply,individual,True,1.0,4357680.65,175,2.0,partially_satisfied
3,services,legal_entity,False,0.0,2480432.89,109,2.0,fully_rejected
1,supply,legal_entity,True,1.0,3336193.0,191,2.0,fully_rejected
2,supply,individual,True,0.0,2336000.0,115,3.0,fully_satisfied
2,services,sole_proprietor,False,1.0,2872776.14,149,1.0,fully_rejected
1,supply,sole_proprietor,True,0.0,3878763.58,80,3.0,fully_satisfied
2,construction,legal_entity,True,1.0,1584534.52,212,,partially_satisfied
2,construction,sole_proprietor,True,1.0,2586554.71,173,1.0,fully_satisfied
2,construction,sole_proprietor,True,1.0,1257713.94,209,2.0,fully_rejected
2,construction,sole_proprietor,False,1.0,3082384.21,138,2.0,fully_rejected
3,supply,individual,True,0.0,818184.28,79,1.0,fully_satisfied
2,services,individual,False,0.0,466466.79,70,2.0,partially_satisfied
2,services,individual,True,1.0,687349.89,138,3.0,partially_satisfied
1,construction,legal_entity,True,1.0,3847213.0,194,2.0,fully_satisfied
2,supply,sole_proprietor,False,0.0,687780.0,77,2.0,fully_satisfied
2,construction,sole_proprietor,False,1.0,2702000.09,153,3.0,partially_satisfied
2,services,individual,False,1.0,2390968.69,144,2.0,fully_satisfied
1,construction,individual,False,1.0,2439800.57,159,2.0,fully_rejected
3,supply,sole_proprietor,True,1.0,929000.0,143,2.0,fully_satisfied
1,supply,individual,False,1.0,1476347.85,157,1.0,fully_rejected
2,supply,individual,False,1.0,4607000.0,182,2.0,fully_rejected
1,supply,legal_entity,True,0.0,2692120.0,72,2.0,fully_rejected
3,services,individual,True,1.0,1688000.0,195,2.0,fully_satisfied
1,construction,individual,True,1.0,425997.6,137,3.0,fully_satisfied
1,,sole_proprietor,True,0.0,479479.07,71,2.0,partially_satisfied
3,supply,legal_entity,True,0.0,396396.67,63,1.0,partially_satisfied
3,,individual,True,0.0,497497.66,71,1.0,partially_satisfied
1,services,legal_entity,True,1.0,865865.06,94,3.0,partially_satisfied
2,services,legal_entity,True,1.0,1384000.0,179,2.0,fully_satisfied
2,construction,sole_proprietor,False,1.0,1237000.0,118,2.0,fully_rejected
3,construction,sole_proprietor,True,1.0,4744000.68,140,2.0,fully_satisfied
1,construction,legal_entity,True,0.0,3717000.0,80,3.0,fully_satisfied
2,construction,sole_proprietor,True,1.0,2142559.65,200,2.0,fully_rejected
2,,sole_proprietor,True,0.0,4732000.0,140,1.0,partially_satisfied
2,services,sole_proprietor,True,0.0,347803.0,94,2.0,fully_satisfied
2,services,individual,False,0.0,368843.0,86,2.0,
2,supply,individual,True,1.0,1996000.0,139,,partially_satisfied
1,supply,sole_proprietor,False,0.0,333333.0,79,2.0,fully_rejected
3,services,individual,True,1.0,986348.24,143,1.0,fully_rejected
3,services,sole_proprietor,True,0.0,300000.0,54,2.0,fully_satisfied
2,construction,sole_proprietor,True,,432432.0,92,3.0,partially_satisfied
1,supply,legal_entity,True,0.0,3869720.0,120,2.0,fully_satisfied
1,services,individual,True,1.0,2907000.0,167,2.0,fully_satisfied
2,supply,sole_proprietor,True,1.0,2848402.57,142,2.0,partially_satisfied
1,supply,sole_proprietor,True,0.0,2512000.85,101,2.0,fully_rejected
3,services,individual,True,1.0,3468900.06,122,3.0,partially_satisfied
1,services,individual,True,1.0,,179,2.0,fully_satisfied
2,services,individual,False,1.0,2289999.0,189,2.0,partially_satisfied
3,services,individual,True,1.0,849272.0,122,3.0,fully_rejected
1,construction,individual,True,0.0,1543698.84,96,3.0,fully_satisfied
1,supply,sole_proprietor,False,1.0,4944503.28,171,2.0,partially_satisfied
2,supply,sole_proprietor,True,1.0,1478000.64,209,2.0,partially_satisfied
2,supply,individual,True,0.0,3071850.29,116,2.0,fully_satisfied
2,supply,individual,False,0.0,2698999.25,125,2.0,partially_satisfied
2,supply,individual,False,0.0,342342.63,64,3.0,
3,supply,sole_proprietor,False,1.0,2360563.73,131,1.0,fully_satisfied
2,services,individual,True,0.0,450031.53,76,,partially_satisfied
1,supply,sole_proprietor,False,0.0,689689.25,56,2.0,partially_satisfied
1,supply,individual,True,1.0,3390200.75,173,2.0,partially_satisfied
1,construction,individual,False,1.0,2729000.0,181,,partially_satisfied
1,construction,legal_entity,False,1.0,2065148.55,152,3.0,fully_satisfied
1,services,individual,False,1.0,1200455.33,161,3.0,partially_satisfied
2,supply,individual,True,1.0,528528.33,158,,fully_satisfied
1,construction,individual,True,1.0,908456.06,127,1.0,partially_satisfied
3,services,legal_entity,True,1.0,745010.0,132,1.0,fully_satisfied
1,supply,sole_proprietor,True,0.0,4455991.84,114,3.0,fully_satisfied
1,construction,sole_proprietor,True,,574750.71,118,3.0,partially_satisfied
2,supply,legal_entity,False,0.0,648827.0,88,2.0,fully_rejected
3,construction,individual,False,1.0,,156,2.0,partially_satisfied
1,supply,legal_entity,True,1.0,2899511.41,153,3.0,fully_satisfied
1,construction,individual,True,1.0,3581500.25,148,2.0,fully_rejected
1,construction,sole_proprietor,True,0.0,317317.0,89,3.0,fully_satisfied
2,construction,sole_proprietor,True,1.0,4120437.0,204,3.0,partially_satisfied
2,supply,individual,True,1.0,506695.0,148,3.0,partially_satisfied
1,construction,legal_entity,False,0.0,3557488.13,133,2.0,fully_satisfied
1,services,individual,False,1.0,2961066.77,179,3.0,partially_satisfied
2,construction,legal_entity,True,1.0,3446883.89,174,2.0,fully_satisfied
3,supply,individual,True,0.0,1846000.0,94,2.0,partially_satisfied
2,supply,sole_proprietor,False,0.0,409305.55,93,3.0,fully_rejected
2,supply,legal_entity,False,1.0,4690130.89,172,3.0,partially_satisfied
1,construction,individual,False,0.0,,59,2.0,fully_rejected
1,services,legal_entity,True,1.0,731119.4,108,2.0,partially_satisfied
1,services,sole_proprietor,False,0.0,2647000.02,127,3.0,partially_satisfied
2,construction,legal_entity,True,1.0,582036.0,155,2.0,fully_rejected
3,construction,individual,True,1.0,3996000.0,162,3.0,fully_satisfied
3,services,sole_proprietor,False,1.0,2880000.74,154,,partially_satisfied
3,supply,sole_proprietor,True,1.0,2918000.15,173,2.0,partially_satisfied
3,,sole_proprietor,True,1.0,1201000.0,122,2.0,fully_satisfied
3,construction,individual,True,0.0,721630.0,74,1.0,partially_satisfied
1,supply,individual,True,1.0,4943865.0,174,2.0,partially_satisfied
1,services,legal_entity,True,0.0,315315.35,60,3.0,fully_satisfied
1,supply,individual,False,1.0,3728281.17,216,2.0,fully_satisfied
2,,legal_entity,True,0.0,2507000.23,109,3.0,fully_rejected
1,supply,legal_entity,True,,490490.05,54,3.0,fully_rejected
3,supply,individual,False,0.0,2789000.07,89,1.0,fully_satisfied
2,supply,individual,True,0.0,4983245.83,88,1.0,fully_rejected
2,supply,sole_proprietor,False,1.0,4432616.66,152,3.0,fully_satisfied
1,construction,individual,True,1.0,4997491.96,133,3.0,fully_satisfied
1,construction,sole_proprietor,True,1.0,370203.71,122,3.0,partially_satisfied
1,supply,sole_proprietor,True,1.0,3290660.32,146,3.0,fully_satisfied
3,services,sole_proprietor,False,0.0,3544411.76,84,2.0,fully_satisfied
2,construction,individual,True,1.0,3759502.28,168,,fully_rejected
2,supply,sole_proprietor,False,1.0,2989680.64,170,2.0,partially_satisfied
1,supply,sole_proprietor,True,1.0,2766000.0,161,3.0,fully_satisfied
1,supply,individual,True,0.0,2918027.07,93,2.0,partially_satisfied
2,services,sole_proprietor,True,0.0,479479.5,96,1.0,fully_satisfied
2,services,legal_entity,True,0.0,1726196.66,122,,partially_satisfied
2,services,sole_proprietor,True,1.0,3886678.0,173,,fully_rejected
1,,sole_proprietor,True,1.0,3923855.0,170,3.0,fully_satisfied
3,supply,individual,True,1.0,4127000.33,136,,fully_satisfied
1,supply,individual,False,1.0,2380000.05,157,2.0,fully_rejected
3,construction,individual,True,0.0,895895.88,80,1.0,fully_satisfied
1,construction,individual,True,1.0,539907.38,105,3.0,partially_satisfied
1,construction,legal_entity,True,0.0,417417.52,65,1.0,fully_rejected
3,supply,individual,True,0.0,371000.48,67,2.0,partially_satisfied
1,supply,legal_entity,True,1.0,672672.36,145,3.0,fully_satisfied
2,construction,individual,False,1.0,2062914.0,140,2.0,fully_rejected
2,services,individual,True,1.0,2192222.5,161,2.0,fully_rejected
1,services,sole_proprietor,False,1.0,2213000.0,150,3.0,fully_satisfied
2,construction,individual,True,1.0,1623000.0,160,2.0,partially_satisfied
3,services,legal_entity,True,1.0,,128,1.0,fully_rejected
3,construction,legal_entity,False,1.0,2314355.68,154,1.0,fully_rejected
1,services,legal_entity,True,1.0,2684930.49,181,3.0,fully_satisfied
2,services,individual,True,0.0,564564.18,80,1.0,partially_satisfied
1,construction,legal_entity,False,1.0,3608935.27,114,2.0,fully_satisfied
1,services,individual,False,1.0,579377.74,124,2.0,fully_rejected
1,services,legal_entity,True,1.0,2481388.53,139,2.0,partially_satisfied
3,services,sole_proprietor,True,1.0,3222145.82,132,1.0,fully_satisfied
3,services,individual,True,0.0,463213.81,56,2.0,partially_satisfied
2,supply,individual,False,0.0,476322.12,74,1.0,fully_rejected
2,construction,individual,False,0.0,4916160.0,96,2.0,partially_satisfied
2,services,individual,True,0.0,821000.79,76,1.0,partially_satisfied
2,supply,legal_entity,True,1.0,2294455.72,186,2.0,partially_satisfied
2,supply,legal_entity,True,0.0,357357.0,90,1.0,fully_satisfied
2,supply,legal_entity,True,1.0,3798000.95,201,3.0,partially_satisfied
1,supply,individual,False,1.0,2783352.13,163,3.0,partially_satisfied
1,construction,sole_proprietor,True,1.0,2319583.66,134,2.0,fully_rejected
3,services,individual,True,1.0,1264839.57,156,3.0,fully_satisfied
2,construction,sole_proprietor,True,0.0,2304000.44,123,2.0,partially_satisfied
3,services,individual,True,1.0,2596096.0,149,2.0,fully_satisfied
1,services,individual,True,1.0,530877.39,163,3.0,partially_satisfied
2,,sole_proprietor,True,1.0,1207776.0,127,1.0,fully_satisfied
1,supply,individual,True,0.0,2527097.0,107,2.0,partially_satisfied
1,supply,sole_proprietor,False,1.0,1187000.0,144,1.0,partially_satisfied
1,services,sole_proprietor,True,1.0,4885789.66,193,3.0,fully_satisfied
1,services,individual,True,1.0,1989076.23,192,2.0,partially_satisfied
3,supply,legal_entity,True,1.0,2516686.43,143,2.0,fully_satisfied
1,construction,sole_proprietor,True,1.0,4169509.89,164,2.0,fully_satisfied
2,construction,legal_entity,True,1.0,4023000.0,149,3.0,fully_satisfied
2,supply,sole_proprietor,True,0.0,823451.0,79,1.0,fully_rejected
2,services,legal_entity,True,0.0,370370.63,76,2.0,fully_rejected
2,services,legal_entity,True,0.0,300000.0,91,2.0,partially_satisfied
1,construction,legal_entity,True,1.0,4531000.0,129,2.0,fully_satisfied
3,services,sole_proprietor,True,1.0,750291.78,101,1.0,partially_satisfied
3,supply,individual,True,1.0,,140,2.0,partially_satisfied
2,services,individual,True,1.0,4744000.05,173,1.0,partially_satisfied
2,construction,sole_proprietor,True,0.0,300000.0,74,2.0,fully_rejected
1,supply,individual,True,0.0,1174840.49,114,3.0,fully_rejected
3,services,individual,True,1.0,4754453.42,145,1.0,fully_rejected
1,construction,individual,True,0.0,,130,1.0,fully_rejected
1,supply,sole_proprietor,True,1.0,1821611.79,170,2.0,fully_satisfied
1,services,individual,False,0.0,596240.74,64,2.0,fully_rejected
2,construction,sole_proprietor,False,1.0,1479064.94,200,2.0,fully_rejected
2,construction,legal_entity,False,1.0,1238190.67,143,3.0,partially_satisfied
2,supply,legal_entity,True,0.0,422422.0,84,1.0,partially_satisfied
2,supply,individual,True,1.0,4512000.0,183,1.0,partially_satisfied
1,construction,sole_proprietor,True,1.0,904623.0,90,3.0,partially_satisfied
3,supply,sole_proprietor,True,0.0,393625.78,70,1.0,
2,services,sole_proprietor,True,0.0,3198000.58,85,2.0,
2,construction,sole_proprietor,True,0.0,334616.26,84,3.0,fully_rejected
1,supply,individual,True,0.0,309309.31,60,2.0,fully_rejected
3,services,legal_entity,True,0.0,511679.11,47,2.0,fully_rejected
1,supply,individual,True,0.0,1460330.16,93,3.0,partially_satisfied
